Temporada,Posicion J38,Equipo,Puntos J38,PJ Total,G Total,E Total,PTotal,GF Total,GC Total,Dif Total,Posicion J29,Equipo J29,Puntos J29,PJ 29,G 29,E 29,P 29,GF 29,GC 29,Dif 29
1999,1,Barcelona,74,38,23,5,10,78,56,22,1,Barcelona,59,29,18,5,6,65,33,32
1999,2,Athletic Club,65,38,17,14,7,52,42,10,2,R. C. Celta de Vigo,52,29,14,10,5,58,29,29
1999,3,Real Sociedad,63,38,16,15,7,60,37,23,3,Valencia C. F.,51,29,15,6,8,44,28,16
1999,4,Real Madrid C. F.,63,38,17,12,9,63,45,18,4,R. C. D. Mallorca,51,29,15,6,8,32,21,11
1999,5,R. C. D. Mallorca,60,38,16,12,10,55,39,16,5,Real Madrid C. F.,49,29,15,4,10,58,49,9
1999,6,R. C. Celta de Vigo,60,38,17,9,12,54,47,7,6,Deportivo de La Coruña,48,29,13,9,7,41,31,10
1999,7,Atlético de Madrid,60,38,16,12,10,79,56,23,7,Athletic Club,44,29,12,8,9,33,34,-1
1999,8,Real Betis Balompié,59,38,17,8,13,49,50,-1,8,Real Sociedad,42,29,11,9,9,35,32,3
1999,9,Valencia C. F.,55,38,16,7,15,58,52,6,9,Real Zaragoza,40,29,11,7,11,41,39,2
1999,10,R. C. D. Espanyol,53,38,12,17,9,44,31,13,10,R. C. D. Espanyol,39,29,9,12,8,31,33,-2
1999,11,Real Valladolid C. F.,50,38,13,11,14,36,47,-11,11,Real Oviedo,38,29,9,11,9,33,38,-5
1999,12,Deportivo de La Coruña ,49,38,12,13,13,44,46,-2,12,Real Betis Balompié,37,29,10,7,12,28,36,-8
1999,13,Real Zaragoza,48,38,12,12,14,45,53,-8,13,Real Valladolid C. F.,37,29,10,7,12,29,32,-3
1999,14,Racing de Santander,45,38,12,9,17,46,55,-9,14,Atlético de Madrid,35,29,9,8,12,43,38,5
1999,15,UD Salamanca,45,38,12,9,17,46,46,0,15,Racing de Santander,35,29,9,8,12,36,40,-4
1999,16,Tenerife,45,38,11,12,15,44,57,-13,16,Villarreal C. F.,32,29,7,11,11,35,43,-8
1999,17,SD Compostela,44,38,11,11,16,56,66,-10,17,Deportivo Alavés,30,29,8,6,15,28,42,-14
1999,18,Real Oviedo,40,38,9,13,16,36,51,-15,18,CF Extremadura,26,29,6,8,15,19,45,-26
1999,19,Mérida ,39,38,9,12,17,33,53,-20,19,Tenerife,24,29,4,12,13,28,45,-17
1999,20,Sporting de Gijón ,13,38,2,7,29,31,80,-49,20,UD Salamanca,22,29,6,4,19,23,52,-29
2000,1,Deportivo de La Coruña ,69,38,21,6,11,66,44,22,1,Deportivo de La Coruña,52,29,16,4,9,49,35,14
2000,2,Barcelona,64,38,19,7,12,70,46,24,2,Barcelona,50,29,15,5,9,58,35,23
2000,3,Valencia C. F.,64,38,18,10,10,59,39,20,3,Deportivo Alavés,49,29,14,7,8,35,29,6
2000,4,Real Zaragoza,63,38,16,15,7,60,40,20,4,Real Zaragoza,48,29,12,12,5,48,31,17
2000,5,Real Madrid C. F.,62,38,16,14,8,58,48,10,5,Real Madrid C. F.,48,29,12,12,5,49,41,8
2000,6,Deportivo Alavés,61,38,17,10,11,41,37,4,6,Valencia C. F.,42,29,11,9,9,39,31,8
2000,7,R. C. Celta de Vigo,53,38,15,8,15,45,43,2,7,R. C. Celta de Vigo,42,29,13,3,13,39,37,2
2000,8,Real Valladolid C. F.,53,38,14,11,13,36,44,-8,8,Rayo Vallecano,38,29,11,5,13,40,43,-3
2000,9,Rayo Vallecano,52,38,15,7,16,51,53,-2,9,Real Valladolid C. F.,38,29,10,8,11,27,35,-8
2000,10,R. C. D. Mallorca,51,38,14,9,15,52,45,7,10,R. C. D. Mallorca,38,29,10,8,11,36,37,-1
2000,11,Athletic Club,50,38,12,14,12,47,57,-10,11,Málaga C. F.,38,29,9,11,9,41,38,3
2000,12,Málaga C. F.,48,38,11,15,12,55,50,5,12,Athletic Club,37,29,9,10,10,37,46,-9
2000,13,Real Sociedad,47,38,11,14,13,42,49,-7,13,R. C. D. Espanyol,36,29,9,9,11,44,40,4
2000,14,R. C. D. Espanyol,47,38,12,11,15,51,48,3,14,Racing de Santander,36,29,9,9,11,42,41,1
2000,15,Racing de Santander,46,38,10,16,12,52,50,2,15,Real Sociedad,35,29,8,11,10,31,36,-5
2000,16,Real Oviedo,45,38,11,12,15,44,60,-16,16,Numancia,35,29,9,8,12,36,50,-14
2000,17,Numancia,45,38,11,12,15,47,59,-12,17,Real Betis Balompié,34,29,9,7,13,26,42,-16
2000,18,Real Betis Balompié,42,38,11,9,18,33,56,-23,18,Real Oviedo,33,29,8,9,12,29,43,-14
2000,19,Atlético de Madrid,38,38,9,11,18,48,64,-16,19,Atlético de Madrid,32,29,8,8,13,39,44,-5
2000,20,Sevilla F. C.,28,38,5,13,20,42,67,-25,20,Sevilla F. C.,26,29,5,11,13,34,45,-11
2001,1,Real Madrid C. F.,80,38,24,8,6,81,40,41,1,Real Madrid C. F.,62,29,19,5,5,62,30,32
2001,2,Deportivo de La Coruña ,73,38,22,7,9,73,44,29,2,Deportivo de La Coruña,54,29,16,6,7,57,35,22
2001,3,R. C. D. Mallorca,71,38,20,11,7,61,43,18,3,Valencia C. F.,52,29,15,7,7,47,23,24
2001,4,Barcelona,63,38,17,12,9,80,57,23,4,Barcelona,50,29,14,8,7,63,43,20
2001,5,Valencia C. F.,63,38,18,9,11,55,34,21,5,R. C. D. Mallorca,49,29,13,10,6,40,34,6
2001,6,R. C. Celta de Vigo,59,38,16,11,11,51,49,2,6,R. C. Celta de Vigo,44,29,12,8,9,41,40,1
2001,7,Villarreal C. F.,57,38,16,9,13,58,52,6,7,Villarreal C. F.,43,29,12,7,10,44,40,4
2001,8,Málaga C. F.,56,38,16,8,14,60,61,-1,8,Deportivo Alavés,43,29,12,7,10,46,39,7
2001,9,R. C. D. Espanyol,50,38,14,8,16,46,44,2,9,Málaga C. F.,41,29,12,5,12,47,47,0
2001,10,Deportivo Alavés,49,38,14,7,17,58,59,-1,10,R. C. D. Espanyol,39,29,11,6,12,36,32,4
2001,11,U. D. Las Palmas,46,38,13,7,18,42,62,-20,11,Rayo Vallecano,37,29,9,10,10,49,51,-2
2001,12,Athletic Club,43,38,11,10,17,44,60,-16,12,Athletic Club,36,29,9,9,11,37,42,-5
2001,13,Real Sociedad,43,38,11,10,17,52,68,-16,13,Real Zaragoza,35,29,8,11,10,41,42,-1
2001,14,Rayo Vallecano,43,38,10,13,15,56,68,-12,14,U. D. Las Palmas,35,29,10,5,14,29,48,-19
2001,15,C. A. Osasuna,42,38,10,12,16,43,54,-11,15,Real Oviedo,32,29,9,5,15,38,54,-16
2001,16,Real Valladolid C. F.,42,38,9,15,14,42,50,-8,16,Real Valladolid C. F.,32,29,7,11,11,33,39,-6
2001,17,Real Zaragoza,42,38,9,15,14,54,57,-3,17,Real Sociedad,29,29,7,8,14,33,56,-23
2001,18,Real Oviedo ,41,38,11,8,19,51,67,-16,18,C. A. Osasuna,28,29,6,10,13,32,44,-12
2001,19,Racing de Santander ,39,38,10,9,19,48,62,-14,19,Racing de Santander,27,29,7,6,16,35,49,-14
2001,20,Numancia ,39,38,10,9,19,40,64,-24,20,Numancia,27,29,7,6,16,27,49,-22
2002,1,Valencia C. F.,75,38,21,12,5,51,27,24,1,Valencia C. F.,53,29,14,11,4,35,22,13
2002,2,Deportivo de La Coruña ,68,38,20,8,10,65,41,24,2,Real Madrid C. F.,52,29,15,7,7,56,31,25
2002,3,Real Madrid C. F.,66,38,19,9,10,69,44,25,3,Real Betis Balompié,49,29,13,10,6,34,25,9
2002,4,Barcelona,64,38,18,10,10,65,37,28,4,Deportivo de La Coruña,48,29,14,6,9,42,34,8
2002,5,R. C. Celta de Vigo,60,38,16,12,10,64,46,18,5,Barcelona,46,29,13,7,9,48,28,20
2002,6,Real Betis Balompié,59,38,15,14,9,42,34,8,6,R. C. Celta de Vigo,45,29,11,12,6,47,34,13
2002,7,Deportivo Alavés,54,38,17,3,18,41,44,-3,7,Athletic Club,45,29,12,9,8,40,41,-1
2002,8,Sevilla F. C.,53,38,14,11,13,51,40,11,8,Deportivo Alavés,42,29,13,3,13,29,29,0
2002,9,Athletic Club,53,38,14,11,13,54,66,-12,9,R. C. D. Espanyol,41,29,11,8,10,37,41,-4
2002,10,Málaga C. F.,53,38,13,14,11,44,44,0,10,Real Valladolid C. F.,39,29,11,6,12,33,46,-13
2002,11,Rayo Vallecano,49,38,13,10,15,46,52,-6,11,Sevilla F. C.,38,29,10,8,11,43,34,9
2002,12,Real Valladolid C. F.,48,38,13,9,16,45,58,-13,12,Málaga C. F.,38,29,9,11,9,33,37,-4
2002,13,Real Sociedad,47,38,13,8,17,48,54,-6,13,C. A. Osasuna,34,29,8,10,11,27,36,-9
2002,14,R. C. D. Espanyol,47,38,13,8,17,47,56,-9,14,Villarreal C. F.,33,29,8,9,12,30,36,-6
2002,15,Villarreal C. F.,43,38,11,10,17,46,55,-9,15,U. D. Las Palmas,33,29,8,9,12,29,35,-6
2002,16,R. C. D. Mallorca,43,38,11,10,17,40,52,-12,16,R. C. D. Mallorca,33,29,9,6,14,34,39,-5
2002,17,C. A. Osasuna,42,38,10,12,16,39,49,-10,17,Real Zaragoza,32,29,9,5,15,27,41,-14
2002,18,U. D. Las Palmas,40,38,9,13,16,40,50,-10,18,Tenerife,31,29,8,7,14,24,39,-15
2002,19,Tenerife ,38,38,10,8,20,32,52,-20,19,Real Sociedad,30,29,8,6,15,35,43,-8
2002,20,Real Zaragoza,37,38,9,10,19,35,54,-19,20,Rayo Vallecano,29,29,7,8,14,34,46,-12
2003,1,Real Madrid C. F.,78,38,22,12,4,86,42,44,1,Real Madrid C. F.,60,29,17,9,3,66,31,35
2003,2,Real Sociedad,76,38,22,10,6,71,45,26,2,Deportivo de La Coruña,57,29,17,6,6,49,32,17
2003,3,Deportivo de La Coruña ,72,38,22,6,10,67,47,20,3,Real Sociedad,57,29,16,9,4,52,38,14
2003,4,R. C. Celta de Vigo,61,38,17,10,11,45,36,9,4,Valencia C. F.,50,29,14,8,7,43,23,20
2003,5,Valencia C. F.,60,38,17,9,12,56,35,21,5,R. C. Celta de Vigo,48,29,14,6,9,34,24,10
2003,6,Barcelona,56,38,15,11,12,63,47,16,6,Sevilla F. C.,42,29,11,9,9,27,22,5
2003,7,Athletic Club,55,38,15,10,13,63,61,2,7,Real Betis Balompié,41,29,11,8,10,39,39,0
2003,8,Real Betis Balompié,54,38,14,12,12,56,53,3,8,Atlético de Madrid,40,29,10,10,9,41,37,4
2003,9,R. C. D. Mallorca,52,38,14,10,14,49,56,-7,9,Málaga C. F.,38,29,9,11,9,36,33,3
2003,10,Sevilla F. C.,50,38,13,11,14,38,39,-1,10,R. C. D. Mallorca,37,29,10,7,12,33,45,-12
2003,11,C. A. Osasuna,47,38,12,11,15,40,48,-8,11,Athletic Club,37,29,10,7,12,41,47,-6
2003,12,Atlético de Madrid,47,38,12,11,15,51,56,-5,12,Barcelona,36,29,9,9,11,46,40,6
2003,13,Málaga C. F.,46,38,11,13,14,44,49,-5,13,Villarreal C. F.,35,29,9,8,12,30,36,-6
2003,14,Real Valladolid C. F.,46,38,12,10,16,37,40,-3,14,Racing de Santander,33,29,10,3,16,37,46,-9
2003,15,Villarreal C. F.,45,38,11,12,15,44,53,-9,15,R. C. D. Espanyol,32,29,8,8,13,32,39,-7
2003,16,Racing de Santander,44,38,13,5,20,54,64,-10,16,Real Valladolid C. F.,32,29,9,5,15,27,33,-6
2003,17,R. C. D. Espanyol,43,38,10,13,15,48,54,-6,17,Recreativo de Huelva,30,29,7,9,13,28,49,-21
2003,18,Recreativo de Huelva ,36,38,8,12,18,35,61,-26,18,C. A. Osasuna,30,29,7,9,13,27,36,-9
2003,19,Deportivo Alavés,35,38,8,11,19,38,68,-30,19,Deportivo Alavés,30,29,7,9,13,31,51,-20
2003,20,Rayo Vallecano,32,38,7,11,20,31,62,-31,20,Rayo Vallecano,27,29,7,6,16,26,44,-18
2004,1,Valencia C. F.,77,38,23,8,7,71,27,44,1,Real Madrid C. F.,61,29,18,7,4,58,35,23
2004,2,Barcelona,72,38,21,9,8,63,39,24,2,Valencia C. F.,60,29,18,6,5,57,21,36
2004,3,Deportivo de La Coruña ,71,38,21,8,9,60,34,26,3,Barcelona,55,29,16,7,6,48,32,16
2004,4,Real Madrid C. F.,70,38,21,7,10,72,54,18,4,Deportivo de La Coruña,53,29,16,5,8,46,27,19
2004,5,Athletic Club,56,38,15,11,12,53,49,4,5,Atlético de Madrid,44,29,12,8,9,36,35,1
2004,6,Sevilla F. C.,55,38,15,10,13,56,45,11,6,Athletic Club,44,29,12,8,9,39,37,2
2004,7,Atlético de Madrid,55,38,15,10,13,51,53,-2,7,C. A. Osasuna,43,29,10,13,6,30,25,5
2004,8,Villarreal C. F.,54,38,15,9,14,47,49,-2,8,Málaga C. F.,41,29,13,2,14,39,42,-3
2004,9,Real Betis Balompié,52,38,13,13,12,46,43,3,9,Villarreal C. F.,39,29,11,6,12,39,40,-1
2004,10,Málaga C. F.,51,38,15,6,17,50,55,-5,10,Sevilla F. C.,38,29,10,8,11,38,31,7
2004,11,R. C. D. Mallorca,51,38,15,6,17,54,66,-12,11,Real Betis Balompié,38,29,9,11,9,36,32,4
2004,12,Real Zaragoza,48,38,13,9,16,46,55,-9,12,Racing de Santander,37,29,10,8,11,39,44,-5
2004,13,C. A. Osasuna,48,38,11,15,12,38,37,1,13,Albacete,35,29,10,5,14,29,36,-7
2004,14,Albacete,47,38,13,8,17,40,48,-8,14,Real Valladolid C. F.,35,29,9,8,12,35,41,-6
2004,15,Real Sociedad,46,38,11,13,14,49,53,-4,15,Real Sociedad,35,29,9,8,12,33,40,-7
2004,16,R. C. D. Espanyol,43,38,13,4,21,48,64,-16,16,Real Zaragoza,34,29,9,7,13,32,39,-7
2004,17,Racing de Santander,42,38,11,10,17,48,63,-15,17,R. C. D. Mallorca,32,29,9,5,15,36,54,-18
2004,18,Real Valladolid C. F.,41,38,10,11,17,46,56,-10,18,R. C. Celta de Vigo,28,29,6,10,13,41,58,-17
2004,19,R. C. Celta de Vigo,39,38,9,12,17,48,68,-20,19,R. C. D. Espanyol,27,29,8,3,18,32,51,-19
2004,20,Real Murcia ,26,38,5,11,22,29,57,-28,20,Real Murcia,17,29,2,11,16,23,46,-23
2005,1,Barcelona,84,38,25,9,4,73,29,44,1,Barcelona,68,29,21,5,3,54,18,36
2005,2,Real Madrid C. F.,80,38,25,5,8,71,32,39,2,Real Madrid C. F.,57,29,18,3,8,49,25,24
2005,3,Villarreal C. F.,65,38,18,11,9,69,37,32,3,Real Betis Balompié,48,29,13,9,7,47,37,10
2005,4,Real Betis Balompié,62,38,16,14,8,62,50,12,4,Villarreal C. F.,47,29,13,8,8,50,29,21
2005,5,R. C. D. Espanyol,61,38,17,10,11,54,46,8,5,Sevilla F. C.,46,29,13,7,9,33,33,0
2005,6,Sevilla F. C.,60,38,17,9,12,44,41,3,6,Valencia C. F.,46,29,12,10,7,44,30,14
2005,7,Valencia C. F.,58,38,14,16,8,54,39,15,7,R. C. D. Espanyol,46,29,13,7,9,37,35,2
2005,8,Deportivo de La Coruña ,51,38,12,15,11,46,50,-4,8,Atlético de Madrid,43,29,12,7,10,32,25,7
2005,9,Athletic Club,51,38,14,9,15,59,54,5,9,Deportivo de La Coruña,42,29,10,12,7,38,36,2
2005,10,Málaga C. F.,51,38,15,6,17,40,48,-8,10,Athletic Club,41,29,11,8,10,46,39,7
2005,11,Atlético de Madrid,50,38,13,11,14,40,34,6,11,Real Zaragoza,39,29,11,6,12,33,40,-7
2005,12,Real Zaragoza,50,38,14,8,16,52,57,-5,12,Real Sociedad,36,29,10,6,13,38,42,-4
2005,13,Getafe C. F.,47,38,12,11,15,38,46,-8,13,Getafe C. F.,35,29,9,8,12,30,35,-5
2005,14,Real Sociedad,47,38,13,8,17,47,56,-9,14,Málaga C. F.,34,29,10,4,15,27,37,-10
2005,15,C. A. Osasuna,46,38,12,10,16,46,65,-19,15,Levante U. D.,34,29,9,7,13,34,43,-9
2005,16,Racing de Santander,44,38,12,8,18,41,58,-17,16,Racing de Santander,34,29,9,7,13,32,42,-10
2005,17,R. C. D. Mallorca,39,38,10,9,19,42,63,-21,17,C. A. Osasuna,34,29,9,7,13,38,53,-15
2005,18,Levante U. D.,37,38,9,10,19,39,58,-19,18,R. C. D. Mallorca,24,29,6,6,17,28,49,-21
2005,19,Numancia ,29,38,6,11,21,30,61,-31,19,Albacete,24,29,5,9,15,26,42,-16
2005,20,Albacete ,28,38,6,10,22,33,56,-23,20,Numancia,20,29,4,8,17,21,47,-26
2006,1,Barcelona,82,38,25,7,6,80,35,45,1,Barcelona,67,29,21,4,4,69,26,43
2006,2,Real Madrid C. F.,70,38,20,10,8,70,40,30,2,C. A. Osasuna,55,29,17,4,8,41,32,9
2006,3,Valencia C. F.,69,38,19,12,7,58,33,25,3,Real Madrid C. F.,54,29,16,6,7,51,27,24
2006,4,C. A. Osasuna,68,38,21,5,12,49,43,6,4,Valencia C. F.,53,29,14,11,4,39,24,15
2006,5,Sevilla F. C.,68,38,20,8,10,54,39,15,5,Sevilla F. C.,48,29,14,6,9,37,30,7
2006,6,R. C. Celta de Vigo,64,38,20,4,14,45,33,12,6,Deportivo de La Coruña,46,29,13,7,9,40,33,7
2006,7,Villarreal C. F.,57,38,14,15,9,50,39,11,7,R. C. Celta de Vigo,45,29,14,3,12,29,29,0
2006,8,Deportivo de La Coruña ,55,38,15,10,13,47,45,2,8,Villarreal C. F.,45,29,11,12,6,39,28,11
2006,9,Getafe C. F.,54,38,15,9,14,54,49,5,9,Atlético de Madrid,42,29,11,9,9,39,28,11
2006,10,Atlético de Madrid,52,38,13,13,12,45,37,8,10,Real Zaragoza,40,29,9,13,7,39,38,1
2006,11,Real Zaragoza,46,38,10,16,12,46,51,-5,11,Getafe C. F.,37,29,10,7,12,38,39,-1
2006,12,Athletic Club,45,38,11,12,15,40,46,-6,12,Racing de Santander,32,29,7,11,11,26,33,-7
2006,13,R. C. D. Mallorca,43,38,10,13,15,37,51,-14,13,R. C. D. Espanyol,31,29,8,7,14,30,46,-16
2006,14,Real Betis Balompié,42,38,10,12,16,34,51,-17,14,R. C. D. Mallorca,31,29,7,10,12,29,43,-14
2006,15,R. C. D. Espanyol,41,38,10,11,17,36,56,-20,15,Deportivo Alavés,30,29,7,9,13,31,45,-14
2006,16,Real Sociedad,40,38,11,7,20,48,65,-17,16,Athletic Club,30,29,7,9,13,31,38,-7
2006,17,Racing de Santander,40,38,9,13,16,36,49,-13,17,Real Betis Balompié,30,29,7,9,13,25,39,-14
2006,18,Deportivo Alavés,39,38,9,12,17,35,54,-19,18,Real Sociedad,28,29,8,4,17,35,55,-20
2006,19,Cádiz C. F.,36,38,8,12,18,36,52,-16,19,Cádiz C. F.,26,29,6,8,15,20,37,-17
2006,20,Málaga C. F.,24,38,5,9,24,36,68,-32,20,Málaga C. F.,22,29,5,7,17,30,48,-18
2007,1,Real Madrid C. F.,76,38,23,7,8,66,40,26,1,Barcelona,56,29,16,8,5,59,27,32
2007,2,Barcelona,76,38,22,10,6,78,33,45,2,Sevilla F. C.,55,29,16,7,6,48,24,24
2007,3,Sevilla F. C.,71,38,21,8,9,64,35,29,3,Real Madrid C. F.,54,29,16,6,7,41,25,16
2007,4,Valencia C. F.,66,38,20,6,12,57,42,15,4,Valencia C. F.,50,29,15,5,9,40,29,11
2007,5,Villarreal C. F.,62,38,18,8,12,48,44,4,5,Real Zaragoza,50,29,14,8,7,43,29,14
2007,6,Real Zaragoza,60,38,16,12,10,55,43,12,6,Atlético de Madrid,47,29,13,8,8,34,24,10
2007,7,Atlético de Madrid,60,38,17,9,12,46,39,7,7,Recreativo de Huelva,45,29,13,6,10,40,38,2
2007,8,Recreativo de Huelva,54,38,15,9,14,54,52,2,8,Racing de Santander,44,29,11,11,7,35,34,1
2007,9,Getafe C. F.,52,38,14,10,14,39,33,6,9,R. C. D. Espanyol,41,29,10,11,8,32,31,1
2007,10,Racing de Santander,50,38,12,14,12,42,48,-6,10,Getafe C. F.,39,29,10,9,10,25,23,2
2007,11,R. C. D. Espanyol,49,38,12,13,13,46,53,-7,11,Deportivo de La Coruña,39,29,10,9,10,22,30,-8
2007,12,R. C. D. Mallorca,49,38,14,7,17,41,47,-6,12,Villarreal C. F.,38,29,10,8,11,29,36,-7
2007,13,Deportivo de La Coruña ,47,38,12,11,15,32,45,-13,13,R. C. D. Mallorca,36,29,10,6,13,31,40,-9
2007,14,C. A. Osasuna,46,38,13,7,18,51,49,2,14,C. A. Osasuna,35,29,10,5,14,34,35,-1
2007,15,Levante U. D.,42,38,10,12,16,37,53,-16,15,Real Betis Balompié,33,29,7,12,10,29,35,-6
2007,16,Real Betis Balompié,40,38,8,16,14,36,49,-13,16,Athletic Club,29,29,7,8,14,32,45,-13
2007,17,Athletic Club,40,38,10,10,18,44,62,-18,17,Levante U. D.,29,29,6,11,12,24,39,-15
2007,18,R. C. Celta de Vigo,39,38,10,9,19,40,59,-19,18,R. C. Celta de Vigo,27,29,6,9,14,30,44,-14
2007,19,Real Sociedad ,35,38,8,11,19,32,47,-15,19,Real Sociedad,21,29,4,9,16,20,37,-17
2007,20,Gimnàstic de Tarragona ,28,38,7,7,24,34,69,-35,20,Gimnàstic de Tarragona,21,29,5,6,18,29,52,-23
2008,1,Real Madrid C. F.,85,38,27,4,7,84,36,48,1,Real Madrid C. F.,62,29,20,2,7,61,28,33
2008,2,Villarreal C. F.,77,38,24,5,9,63,40,23,2,Barcelona,58,29,17,7,5,58,26,32
2008,3,Barcelona,67,38,19,10,9,76,43,33,3,Villarreal C. F.,56,29,17,5,7,49,37,12
2008,4,Atlético de Madrid,64,38,19,7,12,66,47,19,4,Atlético de Madrid,50,29,15,5,9,50,33,17
2008,5,Sevilla F. C.,64,38,20,4,14,75,49,26,5,Racing de Santander,47,29,13,8,8,31,27,4
2008,6,Racing de Santander,60,38,17,9,12,42,41,1,6,Sevilla F. C.,45,29,14,3,12,57,39,18
2008,7,R. C. D. Mallorca,59,38,15,14,9,69,54,15,7,R. C. D. Espanyol,45,29,13,6,10,40,39,1
2008,8,U. D. Almería ,52,38,14,10,14,42,45,-3,8,Athletic Club,39,29,10,9,10,29,28,1
2008,9,Deportivo de La Coruña ,52,38,15,7,16,46,47,-1,9,Getafe C. F.,39,29,11,6,12,37,37,0
2008,10,Valencia C. F.,51,38,15,6,17,48,62,-14,10,Valencia C. F.,39,29,11,6,12,34,43,-9
2008,11,Athletic Club,50,38,13,11,14,40,43,-3,11,U. D. Almería ,39,29,10,9,10,26,28,-2
2008,12,R. C. D. Espanyol,48,38,13,9,16,43,53,-10,12,R. C. D. Mallorca,37,29,8,13,8,46,42,4
2008,13,Real Betis Balompié,47,38,12,11,15,45,51,-6,13,Real Betis Balompié,35,29,9,8,12,33,41,-8
2008,14,Getafe C. F.,47,38,12,11,15,44,48,-4,14,C. A. Osasuna,34,29,9,7,13,30,33,-3
2008,15,Real Valladolid C. F.,45,38,11,12,15,42,57,-15,15,Deportivo de La Coruña,34,29,9,7,13,33,41,-8
2008,16,Recreativo de Huelva,44,38,11,11,16,40,60,-20,16,Real Zaragoza,33,29,8,9,12,40,49,-9
2008,17,C. A. Osasuna,43,38,12,7,19,37,44,-7,17,Real Valladolid C. F.,32,29,8,8,13,33,49,-16
2008,18,Real Zaragoza,42,38,10,12,16,50,61,-11,18,Recreativo de Huelva,32,29,8,8,13,31,48,-17
2008,19,Real Murcia ,30,38,7,9,22,36,65,-29,19,Real Murcia,26,29,6,8,15,26,45,-19
2008,20,Levante U. D.,26,38,7,5,26,33,75,-42,20,Levante U. D.,19,29,5,4,20,24,55,-31
2009,1,Barcelona,87,38,27,6,5,105,35,70,1,Barcelona,72,29,23,3,3,85,24,61
2009,2,Real Madrid C. F.,78,38,25,3,10,83,52,31,2,Real Madrid C. F.,66,29,21,3,5,67,31,36
2009,3,Sevilla F. C.,70,38,21,7,10,54,39,15,3,Sevilla F. C.,57,29,17,6,6,43,26,17
2009,4,Atlético de Madrid,67,38,20,7,11,80,57,23,4,Villarreal C. F.,48,29,13,9,7,45,40,5
2009,5,Villarreal C. F.,65,38,18,11,9,61,54,7,5,Valencia C. F.,46,29,13,7,9,52,41,11
2009,6,Valencia C. F.,62,38,18,8,12,68,54,14,6,Atlético de Madrid,43,29,12,7,10,58,47,11
2009,7,Deportivo de La Coruña ,58,38,16,10,12,48,47,1,7,Deportivo de La Coruña,43,29,12,7,10,38,40,-2
2009,8,Málaga C. F.,55,38,15,10,13,55,59,-4,8,Málaga C. F.,43,29,12,7,10,45,47,-2
2009,9,R. C. D. Mallorca,51,38,14,9,15,53,60,-7,9,Real Valladolid C. F.,39,29,12,3,14,42,47,-5
2009,10,R. C. D. Espanyol,47,38,12,11,15,46,49,-3,10,Racing de Santander,36,29,9,9,11,36,35,1
2009,11,U. D. Almería ,46,38,13,7,18,45,61,-16,11,U. D. Almería ,34,29,9,7,13,36,46,-10
2009,12,Racing de Santander,46,38,12,10,16,49,48,1,12,Athletic Club,34,29,9,7,13,39,49,-10
2009,13,Athletic Club,44,38,12,8,18,47,62,-15,13,Sporting de Gijón ,33,29,11,0,18,36,61,-25
2009,14,Sporting de Gijón,43,38,14,1,23,47,79,-32,14,C. A. Osasuna,32,29,7,11,11,32,35,-3
2009,15,C. A. Osasuna,43,38,10,13,15,41,47,-6,15,R. C. D. Mallorca,32,29,8,8,13,34,48,-14
2009,16,Real Valladolid C. F.,43,38,12,7,19,46,58,-12,16,Real Betis Balompié,31,29,7,10,12,41,47,-6
2009,17,Getafe C. F.,42,38,10,12,16,50,56,-6,17,Getafe C. F.,31,29,7,10,12,39,46,-7
2009,18,Real Betis Balompié,42,38,10,12,16,51,58,-7,18,Recreativo de Huelva,30,29,7,9,13,27,41,-14
2009,19,Numancia ,35,38,10,5,23,38,69,-31,19,Numancia,27,29,8,3,18,33,59,-26
2009,20,Recreativo de Huelva ,33,38,8,9,21,34,57,-23,20,R. C. D. Espanyol,25,29,5,10,14,28,46,-18
2010,1,Barcelona,99,38,31,6,1,98,24,74,1,Barcelona,74,29,23,5,1,71,18,53
2010,2,Real Madrid C. F.,96,38,31,3,4,102,35,67,2,Real Madrid C. F.,74,29,24,2,3,81,26,55
2010,3,Valencia C. F.,71,38,21,8,9,59,40,19,3,Valencia C. F.,53,29,15,8,6,45,32,13
2010,4,Sevilla F. C.,63,38,19,6,13,65,49,16,4,R. C. D. Mallorca,47,29,14,5,10,45,33,12
2010,5,R. C. D. Mallorca,62,38,18,8,12,59,44,15,5,Sevilla F. C.,45,29,13,6,10,40,35,5
2010,6,Getafe C. F.,58,38,17,7,14,58,48,10,6,Athletic Club,45,29,13,6,10,40,37,3
2010,7,Villarreal C. F.,56,38,16,8,14,58,57,1,7,Deportivo de La Coruña,42,29,12,6,11,32,35,-3
2010,8,Athletic Club,54,38,15,9,14,50,53,-3,8,Getafe C. F.,40,29,12,4,13,41,39,2
2010,9,Atlético de Madrid,47,38,13,8,17,57,61,-4,9,Villarreal C. F.,40,29,11,7,11,43,41,2
2010,10,Deportivo de La Coruña ,47,38,13,8,17,35,49,-14,10,Atlético de Madrid,37,29,10,7,12,44,45,-1
2010,11,R. C. D. Espanyol,44,38,11,11,16,29,46,-17,11,U. D. Almería ,36,29,9,9,11,31,38,-7
2010,12,C. A. Osasuna,43,38,11,10,17,37,46,-9,12,Sporting de Gijón ,36,29,9,9,11,31,36,-5
2010,13,U. D. Almería ,42,38,10,12,16,43,55,-12,13,C. A. Osasuna,34,29,9,7,13,26,32,-6
2010,14,Real Zaragoza,41,38,10,11,17,46,64,-18,14,R. C. D. Espanyol,33,29,8,9,12,21,36,-15
2010,15,Sporting de Gijón,40,38,9,13,16,36,51,-15,15,Málaga C. F.,31,29,7,10,12,34,36,-2
2010,16,Racing de Santander,39,38,9,12,17,42,59,-17,16,Racing de Santander,31,29,7,10,12,30,42,-12
2010,17,Málaga C. F.,37,38,7,16,15,42,48,-6,17,Real Zaragoza,29,29,7,8,14,35,53,-18
2010,18,Real Valladolid C. F.,36,38,7,15,16,37,62,-25,18,Tenerife,25,29,6,7,16,29,58,-29
2010,19,Tenerife ,36,38,9,9,20,40,74,-34,19,Real Valladolid C. F.,24,29,4,12,13,30,51,-21
2010,20,Xerez ,34,38,8,10,20,38,66,-28,20,Xerez ,22,29,5,7,17,24,50,-26
2011,1,Barcelona,96,38,30,6,2,95,21,74,1,Barcelona,78,29,25,3,1,81,15,66
2011,2,Real Madrid C. F.,92,38,29,5,4,102,33,69,2,Real Madrid C. F.,73,29,23,4,2,69,21,48
2011,3,Valencia C. F.,71,38,21,8,9,64,44,20,3,Valencia C. F.,54,29,16,6,7,42,33,9
2011,4,Villarreal C. F.,62,38,18,8,12,54,44,10,4,Villarreal C. F.,54,29,16,6,7,48,30,18
2011,5,Sevilla F. C.,58,38,17,7,14,62,61,1,5,R. C. D. Espanyol,43,29,14,1,14,37,41,-4
2011,6,Athletic Club,58,38,18,4,16,59,55,4,6,Athletic Club,42,29,13,3,13,44,41,3
2011,7,Atlético de Madrid,58,38,17,7,14,62,53,9,7,Sevilla F. C.,42,29,12,6,11,43,43,0
2011,8,R. C. D. Espanyol,49,38,15,4,19,46,55,-9,8,Atlético de Madrid,39,29,11,6,12,42,39,3
2011,9,C. A. Osasuna,47,38,13,8,17,45,46,-1,9,R. C. D. Mallorca,38,29,11,5,13,30,38,-8
2011,10,Sporting de Gijón,47,38,11,14,13,35,42,-7,10,Levante U. D.,35,29,10,5,14,30,39,-9
2011,11,Málaga C. F.,46,38,13,7,18,54,68,-14,11,C. A. Osasuna,35,29,9,8,12,34,33,1
2011,12,Racing de Santander,46,38,12,10,16,41,56,-15,12,Real Sociedad,35,29,11,2,16,39,48,-9
2011,13,Real Zaragoza,45,38,12,9,17,40,53,-13,13,Getafe C. F.,34,29,9,7,13,39,45,-6
2011,14,Levante U. D.,45,38,12,9,17,41,52,-11,14,Racing de Santander,33,29,8,9,12,28,43,-15
2011,15,Real Sociedad,45,38,14,3,21,49,66,-17,15,Sporting de Gijón ,32,29,7,11,11,27,35,-8
2011,16,Getafe C. F.,44,38,12,8,18,49,60,-11,16,Deportivo de La Coruña,31,29,7,10,12,23,39,-16
2011,17,R. C. D. Mallorca,44,38,12,8,18,41,56,-15,17,Real Zaragoza,30,29,7,9,13,28,40,-12
2011,18,Deportivo de La Coruña ,43,38,10,13,15,31,47,-16,18,Málaga C. F.,29,29,8,5,16,38,59,-21
2011,19,Hércules C. F. ,35,38,9,8,21,36,60,-24,19,U. D. Almería ,26,29,5,11,13,30,48,-18
2011,20,U. D. Almería ,30,38,6,12,20,36,70,-34,20,Hércules C. F.,26,29,7,5,17,25,47,-22
2012,1,Real Madrid C. F. ,100,38,32,4,2,121,32,89,1,Real Madrid C. F.,75,29,24,3,2,93,25,68
2012,2,Barcelona,91,38,28,7,3,114,29,85,2,Barcelona,69,29,21,6,2,86,23,63
2012,3,Valencia C. F.,61,38,17,10,11,59,44,15,3,Valencia C. F.,50,29,14,8,7,48,33,15
2012,4,Málaga C. F.,58,38,17,7,14,54,53,1,4,Levante U. D.,44,29,13,5,11,41,39,2
2012,5,Atlético de Madrid,56,38,15,11,12,53,46,7,5,Málaga C. F.,44,29,13,5,11,43,44,-1
2012,6,Levante U. D.,55,38,16,7,15,54,50,4,6,Atlético de Madrid,40,29,10,10,9,40,35,5
2012,7,C. A. Osasuna,54,38,13,15,10,44,61,-17,7,C. A. Osasuna,40,29,9,13,7,32,45,-13
2012,8,R. C. D. Mallorca,52,38,14,10,14,42,46,-4,8,R. C. D. Espanyol,40,29,11,7,11,37,39,-2
2012,9,Sevilla F. C.,50,38,13,11,14,48,47,1,9,R. C. D. Mallorca,39,29,10,9,10,32,35,-3
2012,10,Athletic Club,49,38,12,13,13,49,52,-3,10,Rayo Vallecano,37,29,11,4,14,42,48,-6
2012,11,Getafe C. F.,47,38,12,11,15,40,51,-11,11,Athletic Club,37,29,9,10,10,43,42,1
2012,12,Real Sociedad,47,38,12,11,15,46,52,-6,12,Getafe C. F.,37,29,9,10,10,29,36,-7
2012,13,Real Betis Balompié,47,38,13,8,17,47,56,-9,13,Sevilla F. C.,36,29,9,9,11,31,33,-2
2012,14,R. C. D. Espanyol,46,38,12,10,16,46,56,-10,14,Real Sociedad,34,29,9,7,13,32,41,-9
2012,15,Rayo Vallecano,43,38,13,4,21,53,73,-20,15,Granada C. F.,34,29,10,4,15,29,44,-15
2012,16,Real Zaragoza,43,38,12,7,19,36,61,-25,16,Real Betis Balompié,34,29,10,4,15,34,43,-9
2012,17,Granada C. F.,42,38,12,6,20,35,56,-21,17,Villarreal C. F.,31,29,7,10,12,31,44,-13
2012,18,Villarreal C. F.,41,38,9,14,15,39,53,-14,18,Racing de Santander,25,29,4,13,12,23,44,-21
2012,19,Sporting de Gijón ,37,38,10,7,21,42,69,-27,19,Real Zaragoza,25,29,6,7,16,25,51,-26
2012,20,Racing de Santander ,27,38,4,15,19,28,63,-35,20,Sporting de Gijón ,24,29,6,6,17,29,56,-27
2013,1,Barcelona,100,38,32,4,2,115,40,75,1,Barcelona,75,29,24,3,2,90,33,57
2013,2,Real Madrid C. F.,85,38,26,7,5,103,42,61,2,Real Madrid C. F.,62,29,19,5,5,72,28,44
2013,3,Atlético de Madrid,76,38,23,7,8,65,31,34,3,Atlético de Madrid,61,29,19,4,6,51,25,26
2013,4,Real Sociedad,66,38,18,12,8,70,49,21,4,Real Sociedad,48,29,13,9,7,51,37,14
2013,5,Valencia C. F.,65,38,19,8,11,67,54,13,5,Málaga C. F.,47,29,13,8,8,41,28,13
2013,6,Málaga C. F.,57,38,16,9,13,53,50,3,6,Valencia C. F.,46,29,13,7,9,42,41,1
2013,7,Real Betis Balompié,56,38,16,8,14,57,56,1,7,Real Betis Balompié,44,29,13,5,11,39,42,-3
2013,8,Rayo Vallecano,53,38,16,5,17,50,66,-16,8,Getafe C. F.,43,29,12,7,10,38,44,-6
2013,9,Sevilla F. C.,50,38,14,8,16,58,54,4,9,Rayo Vallecano,41,29,13,2,14,38,49,-11
2013,10,Getafe C. F.,47,38,13,8,17,43,57,-14,10,Levante U. D.,40,29,11,7,11,34,41,-7
2013,11,Levante U. D.,46,38,12,10,16,40,57,-17,11,Sevilla F. C.,38,29,11,5,13,43,41,2
2013,12,Athletic Club,45,38,12,9,17,44,65,-21,12,R. C. D. Espanyol,36,29,9,9,11,35,39,-4
2013,13,R. C. D. Espanyol,44,38,11,11,16,43,52,-9,13,Athletic Club,35,29,10,5,14,33,51,-18
2013,14,Real Valladolid C. F.,43,38,11,10,17,49,58,-9,14,Real Valladolid C. F.,35,29,9,8,12,37,41,-4
2013,15,Granada C. F.,42,38,11,9,18,37,54,-17,15,C. A. Osasuna,31,29,8,7,14,26,33,-7
2013,16,C. A. Osasuna,39,38,10,9,19,33,50,-17,16,Granada C. F.,28,29,7,7,15,26,40,-14
2013,17,R. C. Celta de Vigo,37,38,10,7,21,37,52,-15,17,Real Zaragoza,27,29,7,6,16,26,43,-17
2013,18,R. C. D. Mallorca ,36,38,9,9,20,43,72,-29,18,R. C. D. Mallorca,24,29,6,6,17,32,58,-26
2013,19,Deportivo de La Coruña ,35,38,8,11,19,47,70,-23,19,R. C. Celta de Vigo,24,29,6,6,17,29,43,-14
2013,20,Real Zaragoza,34,38,9,7,22,37,62,-25,20,Deportivo de La Coruña,23,29,5,8,16,35,61,-26
2014,1,Atlético de Madrid,90,38,28,6,4,77,26,51,1,Atlético de Madrid,70,29,22,4,3,66,21,45
2014,2,Barcelona,87,38,27,6,5,100,33,67,2,Real Madrid C. F.,70,29,22,4,3,80,30,50
2014,3,Real Madrid C. F.,87,38,27,6,5,104,38,66,3,Barcelona,69,29,22,3,4,85,25,60
2014,4,Athletic Club,70,38,20,10,8,66,39,27,4,Athletic Club,55,29,16,7,6,52,32,20
2014,5,Sevilla F. C.,63,38,18,9,11,69,52,17,5,Sevilla F. C.,47,29,13,8,8,53,44,9
2014,6,Villarreal C. F.,59,38,17,8,13,60,44,16,6,Real Sociedad,46,29,13,7,9,52,43,9
2014,7,Real Sociedad,59,38,16,11,11,62,55,7,7,Villarreal C. F.,45,29,13,6,10,49,36,13
2014,8,Valencia C. F.,49,38,13,10,15,51,53,-2,8,Valencia C. F.,39,29,11,6,12,41,40,1
2014,9,R. C. Celta de Vigo,49,38,14,7,17,49,54,-5,9,Levante U. D.,37,29,9,10,10,26,35,-9
2014,10,Levante U. D.,48,38,12,12,14,35,43,-8,10,R. C. D. Espanyol,37,29,10,7,12,32,34,-2
2014,11,Málaga C. F.,45,38,12,9,17,39,46,-7,11,Granada C. F.,34,29,10,4,15,28,39,-11
2014,12,Rayo Vallecano,43,38,13,4,21,46,80,-34,12,R. C. Celta de Vigo,33,29,9,6,14,33,41,-8
2014,13,Getafe C. F.,42,38,11,9,18,35,54,-19,13,Málaga C. F.,32,29,8,8,13,28,36,-8
2014,14,R. C. D. Espanyol,42,38,11,9,18,41,51,-10,14,Rayo Vallecano,30,29,9,3,17,33,63,-30
2014,15,Granada C. F.,41,38,12,5,21,32,56,-24,15,Elche C. F.,30,29,7,9,13,24,41,-17
2014,16,Elche C. F.,40,38,9,13,16,30,50,-20,16,C. A. Osasuna,29,29,8,5,16,25,50,-25
2014,17,U. D. Almería ,40,38,11,7,20,43,71,-28,17,U. D. Almería ,29,29,8,5,16,31,55,-24
2014,18,C. A. Osasuna ,39,38,10,9,19,32,62,-30,18,Getafe C. F.,28,29,7,7,15,26,46,-20
2014,19,Real Valladolid C. F. ,36,38,7,15,16,38,60,-22,19,Real Valladolid C. F.,27,29,5,12,12,31,49,-18
2014,20,Real Betis Balompié ,25,38,6,7,25,36,78,-42,20,Real Betis Balompié,19,29,4,7,18,23,58,-35
2015,1,Barcelona,94,38,30,4,4,110,21,89,1,Barcelona,71,29,23,2,4,81,17,64
2015,2,Real Madrid C. F.,92,38,30,2,6,118,38,80,2,Real Madrid C. F.,67,29,22,1,6,87,27,60
2015,3,Atlético de Madrid,78,38,23,9,6,67,29,38,3,Atlético de Madrid,62,29,19,5,5,55,23,32
2015,4,Valencia C. F.,77,38,22,11,5,70,32,38,4,Valencia C. F.,61,29,18,7,4,52,22,30
2015,5,Sevilla F. C.,76,38,23,7,8,71,45,26,5,Sevilla F. C.,58,29,18,4,7,53,33,20
2015,6,Villarreal C. F.,60,38,16,12,10,48,37,11,6,Villarreal C. F.,50,29,14,8,7,43,26,17
2015,7,Athletic Club,55,38,15,10,13,42,41,1,7,Málaga C. F.,45,29,13,6,10,32,32,0
2015,8,R. C. Celta de Vigo,51,38,13,12,13,47,44,3,8,Athletic Club,39,29,11,6,12,27,35,-8
2015,9,Málaga C. F.,50,38,14,8,16,42,48,-6,9,Rayo Vallecano,38,29,12,2,15,35,51,-16
2015,10,R. C. D. Espanyol,49,38,13,10,15,47,51,-4,10,Real Sociedad,37,29,9,10,10,34,38,-4
2015,11,Rayo Vallecano,49,38,15,4,19,46,68,-22,11,R. C. Celta de Vigo,35,29,9,8,12,29,32,-3
2015,12,Real Sociedad,46,38,11,13,14,44,51,-7,12,R. C. D. Espanyol,35,29,9,8,12,33,38,-5
2015,13,Elche C. F.,41,38,11,8,19,35,62,-27,13,Getafe C. F.,32,29,9,5,15,26,40,-14
2015,14,Levante U. D.,37,38,9,10,19,34,67,-33,14,Elche C. F.,28,29,7,7,15,24,53,-29
2015,15,Getafe C. F.,37,38,10,7,21,33,64,-31,15,Levante U. D.,28,29,7,7,15,27,53,-26
2015,16,Deportivo de La Coruña ,35,38,7,14,17,35,60,-25,16,S. D. Eibar,28,29,7,7,15,27,40,-13
2015,17,Granada C. F.,35,38,7,14,17,29,64,-35,17,Deportivo de La Coruña,26,29,6,8,15,24,46,-22
2015,18,S. D. Eibar,35,38,9,8,21,34,55,-21,18,Granada C. F.,23,29,4,11,14,19,52,-33
2015,19,U. D. Almería ,29,38,8,8,22,35,64,-29,19,U. D. Almería ,22,29,6,7,16,24,46,-22
2015,20,Córdoba CF,20,38,3,11,24,22,68,-46,20,Córdoba CF,18,29,3,9,17,20,48,-28
2016,1,Barcelona,91,38,29,4,5,112,29,83,1,Barcelona,75,29,24,3,2,84,22,62
2016,2,Real Madrid C. F.,90,38,28,6,4,110,34,76,2,Atlético de Madrid,67,29,21,4,4,45,12,33
2016,3,Atlético de Madrid,88,38,28,4,6,63,18,45,3,Real Madrid C. F.,63,29,19,6,4,83,28,55
2016,4,Villarreal C. F.,64,38,18,10,10,44,35,9,4,Villarreal C. F.,53,29,15,8,6,35,23,12
2016,5,Athletic Club,62,38,18,8,12,58,45,13,5,Sevilla F. C.,48,29,13,9,7,43,31,12
2016,6,R. C. Celta de Vigo,60,38,17,9,12,51,59,-8,6,Athletic Club,47,29,14,5,10,47,37,10
2016,7,Sevilla F. C.,52,38,14,10,14,51,50,1,7,R. C. Celta de Vigo,45,29,13,6,10,41,51,-10
2016,8,Málaga C. F.,48,38,12,12,14,38,35,3,8,S. D. Eibar,37,29,10,7,12,41,41,0
2016,9,Real Sociedad,48,38,13,9,16,45,48,-3,9,Málaga C. F.,36,29,9,9,11,28,28,0
2016,10,Real Betis Balompié,45,38,11,12,15,34,52,-18,10,Real Sociedad,35,29,9,8,12,37,40,-3
2016,11,U. D. Las Palmas,44,38,12,8,18,45,53,-8,11,Real Betis Balompié,34,29,8,10,11,27,39,-12
2016,12,Valencia C. F.,44,38,11,11,16,46,48,-2,12,Valencia C. F.,34,29,8,10,11,33,34,-1
2016,13,R. C. D. Espanyol,43,38,12,7,19,40,74,-34,13,Deportivo de La Coruña,33,29,6,15,8,37,42,-5
2016,14,S. D. Eibar,43,38,11,10,17,49,61,-12,14,R. C. D. Espanyol,32,29,9,5,15,29,55,-26
2016,15,Deportivo de La Coruña ,42,38,8,18,12,45,61,-16,15,U. D. Las Palmas,30,29,8,6,15,31,42,-11
2016,16,Granada C. F.,39,38,10,9,19,46,69,-23,16,Rayo Vallecano,27,29,6,9,14,39,61,-22
2016,17,Sporting de Gijón,39,38,10,9,19,40,62,-22,17,Granada C. F.,27,29,7,6,16,30,54,-24
2016,18,Rayo Vallecano,38,38,9,11,18,52,73,-21,18,Getafe C. F.,27,29,7,6,16,27,51,-24
2016,19,Getafe C. F. ,36,38,9,9,20,37,67,-30,19,Sporting de Gijón ,24,29,6,6,17,30,51,-21
2016,20,Levante U. D. ,32,38,8,8,22,37,70,-33,20,Levante U. D.,24,29,6,6,17,27,52,-25
2017,1,Real Madrid C. F. ,93,38,29,6,3,106,41,65,1,Real Madrid C. F.,71,29,22,5,2,78,29,49
2017,2,Barcelona,90,38,28,6,4,116,37,79,2,Barcelona,66,29,20,6,3,85,26,59
2017,3,Atlético de Madrid,78,38,23,9,6,70,27,43,3,Atlético de Madrid,58,29,17,7,5,54,23,31
2017,4,Sevilla F. C.,72,38,21,9,8,69,49,20,4,Sevilla F. C.,58,29,17,7,5,52,34,18
2017,5,Villarreal C. F.,67,38,19,10,9,56,33,23,5,Real Sociedad,49,29,15,4,10,43,40,3
2017,6,Real Sociedad,64,38,19,7,12,59,53,6,6,Villarreal C. F.,48,29,13,9,7,41,23,18
2017,7,Athletic Club,63,38,19,6,13,53,43,10,7,Athletic Club,47,29,14,5,10,37,33,4
2017,8,R. C. D. Espanyol,56,38,15,11,12,49,50,-1,8,S. D. Eibar,44,29,12,8,9,47,41,6
2017,9,Deportivo Alavés,55,38,14,13,11,41,43,-2,9,R. C. D. Espanyol,43,29,11,10,8,42,40,2
2017,10,S. D. Eibar,54,38,15,9,14,56,51,5,10,R. C. Celta de Vigo,41,29,12,5,12,44,50,-6
2017,11,Málaga C. F.,46,38,12,10,16,49,55,-6,11,Deportivo Alavés,40,29,10,10,9,29,36,-7
2017,12,Valencia C. F.,46,38,13,7,18,56,65,-9,12,U. D. Las Palmas,35,29,9,8,12,45,48,-3
2017,13,R. C. Celta de Vigo,45,38,13,6,19,53,69,-16,13,Valencia C. F.,33,29,9,6,14,41,51,-10
2017,14,U. D. Las Palmas,39,38,10,9,19,53,74,-21,14,Real Betis Balompié,31,29,8,7,14,32,46,-14
2017,15,Real Betis Balompié,39,38,10,9,19,41,64,-23,15,Málaga C. F.,27,29,6,9,14,33,47,-14
2017,16,Deportivo de La Coruña ,36,38,8,12,18,43,61,-18,16,C. D. Leganés,27,29,6,9,14,23,42,-19
2017,17,C. D. Leganés,35,38,8,11,19,36,55,-19,17,Deportivo de La Coruña,27,29,6,9,14,31,46,-15
2017,18,Sporting de Gijón ,31,38,7,10,21,42,72,-30,18,Sporting de Gijón ,22,29,5,7,17,31,57,-26
2017,19,C. A. Osasuna ,22,38,4,10,24,40,94,-54,19,Granada C. F.,19,29,4,7,18,26,62,-36
2017,20,Granada C. F.,20,38,4,8,26,30,82,-52,20,C. A. Osasuna,11,29,1,8,20,29,69,-40
2018,1,Barcelona,93,38,28,9,1,99,29,70,1,Barcelona,75,29,23,6,0,74,13,61
2018,2,Atlético de Madrid,79,38,23,10,5,58,22,36,2,Atlético de Madrid,64,29,19,7,3,49,14,35
2018,3,Real Madrid C. F.,76,38,22,10,6,94,44,50,3,Real Madrid C. F.,60,29,18,6,5,73,33,40
2018,4,Valencia C. F.,73,38,22,7,9,65,38,27,4,Valencia C. F.,59,29,18,5,6,57,31,26
2018,5,Villarreal C. F.,61,38,18,7,13,57,50,7,5,Villarreal C. F.,47,29,14,5,10,40,33,7
2018,6,Real Betis Balompié,60,38,18,6,14,60,61,-1,6,Sevilla F. C.,45,29,14,3,12,37,44,-7
2018,7,Sevilla F. C.,58,38,17,7,14,49,58,-9,7,Real Betis Balompié,43,29,13,4,12,49,53,-4
2018,8,Getafe C. F.,55,38,15,10,13,42,33,9,8,Girona F. C.,43,29,12,7,10,43,42,1
2018,9,S. D. Eibar,51,38,14,9,15,44,50,-6,9,Getafe C. F.,39,29,10,9,10,35,27,8
2018,10,Girona F. C.,51,38,14,9,15,50,59,-9,10,R. C. Celta de Vigo,39,29,11,6,12,45,42,3
2018,11,R. C. D. Espanyol,49,38,12,13,13,36,42,-6,11,S. D. Eibar,39,29,11,6,12,36,43,-7
2018,12,Real Sociedad,49,38,14,7,17,66,59,7,12,C. D. Leganés,36,29,10,6,13,25,35,-10
2018,13,R. C. Celta de Vigo,49,38,13,10,15,59,60,-1,13,Athletic Club,35,29,8,11,10,29,33,-4
2018,14,Deportivo Alavés,47,38,15,2,21,40,50,-10,14,R. C. D. Espanyol,35,29,8,11,10,26,37,-11
2018,15,Levante U. D.,46,38,11,13,14,44,58,-14,15,Real Sociedad,33,29,9,6,14,51,52,-1
2018,16,Athletic Club,43,38,10,13,15,41,49,-8,16,Deportivo Alavés,31,29,10,1,18,26,45,-19
2018,17,C. D. Leganés,43,38,12,7,19,34,51,-17,17,Levante U. D.,27,29,5,12,12,25,43,-18
2018,18,Deportivo de La Coruña ,29,38,6,11,21,38,76,-38,18,U. D. Las Palmas,21,29,5,6,18,21,58,-37
2018,19,U. D. Las Palmas,22,38,5,7,26,24,74,-50,19,Deportivo de La Coruña,20,29,4,8,17,26,60,-34
2018,20,Málaga C. F.,20,38,5,5,28,24,61,-37,20,Málaga C. F.,14,29,3,5,21,16,45,-29
2019,1,Barcelona,87,38,26,9,3,90,36,54,1,Barcelona,69,29,21,6,2,75,27,48
2019,2,Atlético de Madrid,76,38,22,10,6,55,29,26,2,Atlético de Madrid,59,29,17,8,4,43,19,24
2019,3,Real Madrid C. F.,68,38,21,5,12,63,46,17,3,Real Madrid C. F.,57,29,18,3,8,52,34,18
2019,4,Valencia C. F.,61,38,15,16,7,51,35,16,4,Getafe C. F.,46,29,12,10,7,36,26,10
2019,5,Getafe C. F.,59,38,15,14,9,48,35,13,5,Deportivo Alavés,44,29,12,8,9,31,35,-4
2019,6,Sevilla F. C.,59,38,17,8,13,62,47,15,6,Valencia C. F.,43,29,9,16,4,31,23,8
2019,7,R. C. D. Espanyol,53,38,14,11,13,48,50,-2,7,Sevilla F. C.,43,29,12,7,10,47,37,10
2019,8,Athletic Club,53,38,13,14,11,41,45,-4,8,Athletic Club,40,29,9,13,7,30,32,-2
2019,9,Real Sociedad,50,38,13,11,14,45,46,-1,9,Real Betis Balompié,40,29,11,7,11,33,37,-4
2019,10,Real Betis Balompié,50,38,14,8,16,44,52,-8,10,Real Sociedad,37,29,9,10,10,34,34,0
2019,11,Deportivo Alavés,50,38,13,11,14,39,50,-11,11,S. D. Eibar,36,29,8,12,9,38,40,-2
2019,12,S. D. Eibar,47,38,11,14,13,46,50,-4,12,C. D. Leganés,36,29,9,9,11,29,34,-5
2019,13,C. D. Leganés,45,38,11,12,15,37,43,-6,13,Girona F. C.,34,29,8,10,11,32,39,-7
2019,14,Villarreal C. F.,44,38,10,14,14,49,52,-3,14,R. C. D. Espanyol,34,29,9,7,13,32,43,-11
2019,15,Levante U. D.,44,38,11,11,16,59,66,-7,15,Levante U. D.,32,29,8,8,13,40,51,-11
2019,16,Real Valladolid C. F.,41,38,10,11,17,32,51,-19,16,Real Valladolid C. F.,30,29,7,9,13,24,40,-16
2019,17,R. C. Celta de Vigo,41,38,10,11,17,53,62,-9,17,Villarreal C. F.,29,29,6,11,12,34,39,-5
2019,18,Girona F. C. ,37,38,9,10,19,37,53,-16,18,R. C. Celta de Vigo,28,29,7,7,15,39,49,-10
2019,19,S. D. Huesca ,33,38,7,12,19,43,65,-22,19,Rayo Vallecano,24,29,6,6,17,31,52,-21
2019,20,Rayo Vallecano,32,38,8,8,22,41,70,-29,20,S. D. Huesca ,22,29,5,7,17,30,50,-20
2020,1,Real Madrid C. F. ,87,38,26,9,3,70,25,45,1,Barcelona,64,29,20,4,5,69,31,38
2020,2,Barcelona,82,38,25,7,6,86,38,48,2,Real Madrid C. F.,62,29,18,8,3,55,20,35
2020,3,Atlético de Madrid,70,38,18,16,4,51,27,24,3,Sevilla F. C.,51,29,14,9,6,42,30,12
2020,4,Sevilla F. C.,70,38,19,13,6,54,34,20,4,Atlético de Madrid,49,29,12,13,4,37,22,15
2020,5,Villarreal C. F.,60,38,18,6,14,63,49,14,5,Getafe C. F.,47,29,13,8,8,38,27,11
2020,6,Real Sociedad,56,38,16,8,14,56,48,8,6,Real Sociedad,47,29,14,5,10,46,36,10
2020,7,Granada C. F.,56,38,16,8,14,52,45,7,7,Villarreal C. F.,44,29,13,5,11,46,38,8
2020,8,Getafe C. F.,54,38,14,12,12,43,37,6,8,Valencia C. F.,43,29,11,10,8,39,43,-4
2020,9,Valencia C. F.,53,38,14,11,13,46,53,-7,9,Granada C. F.,42,29,12,6,11,37,35,2
2020,10,C. A. Osasuna,52,38,13,13,12,46,54,-8,10,Athletic Club,39,29,9,12,8,32,26,6
2020,11,Athletic Club,51,38,13,12,13,41,38,3,11,C. A. Osasuna,35,29,8,11,10,35,44,-9
2020,12,Levante U. D.,49,38,14,7,17,47,53,-6,12,Deportivo Alavés,35,29,9,8,12,31,39,-8
2020,13,Real Valladolid C. F.,42,38,9,15,14,32,43,-11,13,Levante U. D.,35,29,10,5,14,34,42,-8
2020,14,S. D. Eibar,42,38,11,9,18,39,56,-17,14,Real Betis Balompié,34,29,8,10,11,40,47,-7
2020,15,Real Betis Balompié,41,38,10,11,17,48,60,-12,15,Real Valladolid C. F.,33,29,7,12,10,25,34,-9
2020,16,Deportivo Alavés,39,38,10,9,19,34,59,-25,16,S. D. Eibar,28,29,7,7,15,30,46,-16
2020,17,R. C. Celta de Vigo,37,38,7,16,15,37,49,-12,17,R. C. Celta de Vigo,27,29,5,12,12,22,35,-13
2020,18,C. D. Leganés ,36,38,8,12,18,30,51,-21,18,R. C. D. Mallorca,25,29,7,4,18,28,49,-21
2020,19,R. C. D. Mallorca ,33,38,9,6,23,40,65,-25,19,R. C. D. Espanyol,24,29,5,9,15,25,46,-21
2020,20,R. C. D. Espanyol,25,38,5,10,23,27,58,-31,20,C. D. Leganés,23,29,5,8,16,22,43,-21
2021,1,Atlético de Madrid,86,38,26,8,4,67,25,42,1,Atlético de Madrid,66,29,20,6,3,51,19,32
2021,2,Real Madrid C. F.,84,38,25,9,4,67,28,39,2,Barcelona,65,29,20,5,4,68,24,44
2021,3,Barcelona,79,38,24,7,7,85,38,47,3,Real Madrid C. F.,63,29,19,6,4,51,23,28
2021,4,Sevilla F. C.,77,38,24,5,9,53,33,20,4,Sevilla F. C.,58,29,18,4,7,40,21,19
2021,5,Real Sociedad,62,38,17,11,10,59,38,21,5,Real Sociedad,46,29,12,10,7,45,29,16
2021,6,Real Betis Balompié,61,38,17,10,11,50,50,0,6,Real Betis Balompié,46,29,14,4,11,39,42,-3
2021,7,Villarreal C. F.,58,38,15,13,10,60,44,16,7,Villarreal C. F.,46,29,11,13,5,42,31,11
2021,8,R. C. Celta de Vigo,53,38,14,11,13,55,57,-2,8,R. C. Celta de Vigo,37,29,9,10,10,38,44,-6
2021,9,Granada C. F.,46,38,13,7,18,47,65,-18,9,Granada C. F.,36,29,10,6,13,34,49,-15
2021,10,Athletic Club,46,38,11,13,14,46,42,4,10,Athletic Club,36,29,9,9,11,39,33,6
2021,11,C. A. Osasuna,44,38,11,11,16,37,48,-11,11,Levante U. D.,35,29,8,11,10,36,39,-3
2021,12,Cádiz C. F.,44,38,11,11,16,36,58,-22,12,Valencia C. F.,33,29,8,9,12,35,40,-5
2021,13,Valencia C. F.,43,38,10,13,15,50,53,-3,13,Cádiz C. F.,32,29,8,8,13,26,45,-19
2021,14,Levante U. D.,41,38,9,14,15,46,57,-11,14,C. A. Osasuna,31,29,7,10,12,23,35,-12
2021,15,Getafe C. F.,38,38,9,11,18,28,43,-15,15,Getafe C. F.,30,29,7,9,13,22,33,-11
2021,16,Deportivo Alavés,38,38,9,11,18,36,57,-21,16,Real Valladolid C. F.,27,29,5,12,12,26,39,-13
2021,17,Elche C. F.,36,38,8,12,18,34,55,-21,17,Elche C. F.,26,29,5,11,13,26,43,-17
2021,18,S. D. Huesca ,34,38,7,13,18,34,53,-19,18,S. D. Huesca ,24,29,4,12,13,28,44,-16
2021,19,Real Valladolid C. F. ,31,38,5,16,17,34,57,-23,19,S. D. Eibar,23,29,4,11,14,22,35,-13
2021,20,S. D. Eibar ,30,38,6,12,20,29,52,-23,20,Deportivo Alavés,23,29,5,8,16,24,47,-23
2022,1,Real Madrid C. F. ,86,38,26,8,4,80,31,49,1,Real Madrid C. F.,66,29,20,6,3,59,25,34
2022,2,Barcelona,73,38,21,10,7,68,38,30,2,Sevilla F. C.,57,29,15,12,2,40,19,21
2022,3,Atlético de Madrid,71,38,21,8,9,65,43,22,3,Barcelona,54,29,15,9,5,56,30,26
2022,4,Sevilla F. C.,70,38,18,16,4,53,30,23,4,Atlético de Madrid,54,29,16,6,7,53,36,17
2022,5,Real Betis Balompié,65,38,19,8,11,62,40,22,5,Real Betis Balompié,50,29,15,5,9,50,35,15
2022,6,Real Sociedad,62,38,17,11,10,40,37,3,6,Real Sociedad,48,29,13,9,7,29,29,0
2022,7,Villarreal C. F.,59,38,16,11,11,63,37,26,7,Villarreal C. F.,45,29,12,9,8,48,27,21
2022,8,Athletic Club,55,38,14,13,11,43,36,7,8,Athletic Club,41,29,10,11,8,33,28,5
2022,9,Valencia C. F.,48,38,11,15,12,48,53,-5,9,Valencia C. F.,40,29,10,10,9,42,43,-1
2022,10,C. A. Osasuna,47,38,12,11,15,37,51,-14,10,C. A. Osasuna,38,29,10,8,11,29,36,-7
2022,11,R. C. Celta de Vigo,46,38,12,10,16,43,43,0,11,R. C. Celta de Vigo,36,29,9,9,11,33,32,1
2022,12,Rayo Vallecano,42,38,11,9,18,39,50,-11,12,R. C. D. Espanyol,36,29,9,9,11,35,41,-6
2022,13,Elche C. F.,42,38,11,9,18,40,52,-12,13,Rayo Vallecano,35,29,10,5,14,30,34,-4
2022,14,R. C. D. Espanyol,42,38,10,12,16,40,53,-13,14,Elche C. F.,32,29,8,8,13,30,40,-10
2022,15,Getafe C. F.,39,38,8,15,15,33,40,-7,15,Getafe C. F.,29,29,6,11,12,27,33,-6
2022,16,R. C. D. Mallorca,39,38,10,9,19,36,63,-27,16,Granada C. F.,28,29,6,10,13,31,46,-15
2022,17,Cádiz C. F.,39,38,8,15,15,35,51,-16,17,Cádiz C. F.,27,29,5,12,12,25,41,-16
2022,18,Granada C. F.,38,38,8,14,16,44,61,-17,18,R. C. D. Mallorca,26,29,6,8,15,26,49,-23
2022,19,Levante U. D. ,35,38,8,11,19,51,76,-25,19,Deportivo Alavés,22,29,5,7,17,23,48,-25
2022,20,Deportivo Alavés,31,38,8,7,23,31,65,-34,20,Levante U. D.,19,29,3,10,16,31,58,-27
2023,1,Barcelona,88,38,28,4,6,70,20,50,1,Barcelona,73,29,23,4,2,53,9,44
2023,2,Real Madrid C. F.,78,38,24,6,8,75,36,39,2,Real Madrid C. F.,62,29,19,5,5,61,24,37
2023,3,Atlético de Madrid,77,38,23,8,7,70,33,37,3,Atlético de Madrid,60,29,18,6,5,47,21,26
2023,4,Real Sociedad,71,38,21,8,9,51,35,16,4,Real Sociedad,51,29,15,6,8,37,28,9
2023,5,Villarreal C. F.,64,38,19,7,12,59,40,19,5,Real Betis Balompié,48,29,14,6,9,37,30,7
2023,6,Real Betis Balompié,60,38,17,9,12,46,41,5,6,Villarreal C. F.,47,29,14,5,10,38,28,10
2023,7,C. A. Osasuna,53,38,15,8,15,37,42,-5,7,Athletic Club,43,29,12,7,10,40,29,11
2023,8,Athletic Club,51,38,14,9,15,47,43,4,8,Rayo Vallecano,40,29,10,10,9,35,34,1
2023,9,R. C. D. Mallorca,50,38,14,8,16,37,43,-6,9,Girona F. C.,38,29,10,8,11,44,42,2
2023,10,Girona F. C.,49,38,13,10,15,58,55,3,10,C. A. Osasuna,38,29,10,8,11,25,30,-5
2023,11,Rayo Vallecano,49,38,13,10,15,45,53,-8,11,R. C. D. Mallorca,37,29,10,7,12,26,30,-4
2023,12,Sevilla F. C.,49,38,13,10,15,47,54,-7,12,R. C. Celta de Vigo,36,29,9,9,11,36,40,-4
2023,13,R. C. Celta de Vigo,43,38,11,10,17,43,53,-10,13,Sevilla F. C.,35,29,9,8,12,35,44,-9
2023,14,Cádiz C. F.,42,38,10,12,16,30,53,-23,14,Real Valladolid C. F.,32,29,9,5,15,25,48,-23
2023,15,Getafe C. F.,42,38,10,12,16,34,45,-11,15,Getafe C. F.,31,29,7,10,12,27,36,-9
2023,16,Valencia C. F.,42,38,11,9,18,42,45,-3,16,Cádiz C. F.,31,29,7,10,12,23,42,-19
2023,17,U. D. Almería ,41,38,11,8,19,49,65,-16,17,U. D. Almería ,30,29,8,6,15,35,50,-15
2023,18,Real Valladolid C. F. ,40,38,11,7,20,33,63,-30,18,Valencia C. F.,27,29,7,6,16,30,36,-6
2023,19,R. C. D. Espanyol,37,38,8,13,17,52,69,-17,19,R. C. D. Espanyol,27,29,6,9,14,35,49,-14
2023,20,Elche C. F. ,25,38,5,10,23,30,67,-37,20,Elche C. F.,13,29,2,7,20,20,59,-39
